<?xml version="1.0" encoding="utf-8"?>
<!-- $Revision: $ -->

<refentry xml:id="zbarcodescanner.setconfig" xmlns="http://docbook.org/ns/docbook" xmlns:xlink="http://www.w3.org/1999/xlink">
 <refnamediv>
  <refname>ZBarCodeScanner::setConfig</refname>
  <refpurpose>Set config value</refpurpose>
 </refnamediv>

 <refsect1 role="description">
  &reftitle.description;
  <methodsynopsis>
   <modifier>public</modifier> <type>ZBarCodeScanner</type><methodname>ZBarCodeScanner::setConfig</methodname>
   <methodparam><type>integer</type><parameter>name</parameter></methodparam>
   <methodparam><type>integer</type><parameter>value</parameter></methodparam>
   <methodparam choice="opt"><type>integer</type><parameter>symbology</parameter></methodparam>
  </methodsynopsis>
  <para>
   Sets a configuration value for specific symbology or all of them.
  </para>
 </refsect1>

 <refsect1 role="parameters">
  &reftitle.parameters;
  <para>
   <variablelist>
    <varlistentry>
     <term><parameter>name</parameter></term>
     <listitem>
      <para>
       One of the <constant>ZBarCode::CFG_*</constant> constants
      </para>
     </listitem>
    </varlistentry>
    <varlistentry>
     <term><parameter>value</parameter></term>
     <listitem>
      <para>
       The value of the configuration item
      </para>
     </listitem>
    </varlistentry>
    <varlistentry>
     <term><parameter>symbology</parameter></term>
     <listitem>
      <para>
       One of the <constant>ZBarCode::SYM_*</constant> barcode type constants
      </para>
     </listitem>
    </varlistentry>
   </variablelist>
  </para>
 </refsect1>

 <refsect1 role="returnvalues">
  &reftitle.returnvalues;
  <para>
   Returns the current object on success and throws ZBarCodeException on failure.
  </para>
 </refsect1>

 <refsect1 role="examples">
  &reftitle.examples;
  <para>
   <example>
    <title><methodname>ZBarCodeScanner::setConfig</methodname> example</title>
    <programlisting role="php">
<![CDATA[
<?php
$scanner = new ZBarcodeScanner();
try {
	$scanner->setConfig(ZBarcode::CFG_MIN_LEN, 1);
} catch (Exception $e) {
	echo "Failed to set config";
}
?>
]]>
    </programlisting>
   </example>
  </para>
 </refsect1>

</refentry>

<!-- Keep this comment at the end of the file
Local variables:
mode: sgml
sgml-omittag:t
sgml-shorttag:t
sgml-minimize-attributes:nil
sgml-always-quote-attributes:t
sgml-indent-step:1
sgml-indent-data:t
indent-tabs-mode:nil
sgml-parent-document:nil
sgml-default-dtd-file:"../../../../manual.ced"
sgml-exposed-tags:nil
sgml-local-catalogs:nil
sgml-local-ecat-files:nil
End:
vim600: syn=xml fen fdm=syntax fdl=2 si
vim: et tw=78 syn=sgml
vi: ts=1 sw=1
-->
