<?xml version="1.0" encoding="utf-8"?>
<!-- $Revision: $ -->

<book xml:id="book.zbarcode" xmlns="http://docbook.org/ns/docbook" xmlns:xlink="http://www.w3.org/1999/xlink">
 <title>Zbarcode</title>
 <titleabbrev>Zbarcode</titleabbrev>

 <preface xml:id="intro.zbarcode">
  &reftitle.intro;
  <para>
   zbarcode can be used to scan barcodes from images. ImageMagick is used to handle image reading and conversion
   and ZBar library is used to scan barcodes from images.
  </para>
 </preface>

 &reference.zbarcode.setup;
 &reference.zbarcode.constants;
 &reference.zbarcode.examples;
 &reference.zbarcode.reference;

</book>

<!-- Keep this comment at the end of the file
Local variables:
mode: sgml
sgml-omittag:t
sgml-shorttag:t
sgml-minimize-attributes:nil
sgml-always-quote-attributes:t
sgml-indent-step:1
sgml-indent-data:t
indent-tabs-mode:nil
sgml-parent-document:nil
sgml-default-dtd-file:"../../../manual.ced"
sgml-exposed-tags:nil
sgml-local-catalogs:nil
sgml-local-ecat-files:nil
End:
vim600: syn=xml fen fdm=syntax fdl=2 si
vim: et tw=78 syn=sgml
vi: ts=1 sw=1
-->

