<?xml version="1.0" encoding="utf-8"?>
<!-- $Revision: $ -->

<chapter xml:id="zbarcode.examples" xmlns="http://docbook.org/ns/docbook" xmlns:xlink="http://www.w3.org/1999/xlink">
 &reftitle.examples;
 <para>
  Example of basic usage of the library
 </para>
 <example>
  <title>Zbarcode Example</title>
  <programlisting role="php">
<![CDATA[
<?php
/* Create new image object */
$image = new ZBarCodeImage("ean13.jpg");

/* Create a barcode scanner */
$scanner = new ZBarCodeScanner();

/* Scan the image */
$barcode = $scanner->scan($image);

/* Loop through possible barcodes */
if (!empty($barcode)) {
    foreach ($barcode as $code) {
        printf("Found type %s barcode with data %s\n", $code['type'], $code['data']);
    }
}
?>
]]>
  </programlisting>
  &example.outputs.similar;
  <screen>
<![CDATA[
Found type EAN-13 barcode with data 5901234123457
]]>
  </screen>
 </example>
</chapter>

<!-- Keep this comment at the end of the file
Local variables:
mode: sgml
sgml-omittag:t
sgml-shorttag:t
sgml-minimize-attributes:nil
sgml-always-quote-attributes:t
sgml-indent-step:1
sgml-indent-data:t
indent-tabs-mode:nil
sgml-parent-document:nil
sgml-default-dtd-file:"../../../manual.ced"
sgml-exposed-tags:nil
sgml-local-catalogs:nil
sgml-local-ecat-files:nil
End:
vim600: syn=xml fen fdm=syntax fdl=2 si
vim: et tw=78 syn=sgml
vi: ts=1 sw=1
-->

