<?xml version="1.0" encoding="utf-8"?>
<!-- $Revision: $ -->

<phpdoc:classref xml:id="class.zbarcode" xmlns:phpdoc="http://php.net/ns/phpdoc" xmlns="http://docbook.org/ns/docbook" xmlns:xlink="http://www.w3.org/1999/xlink" xmlns:xi="http://www.w3.org/2001/XInclude">

 <title>The ZBarCode class</title>
 <titleabbrev>ZBarCode</titleabbrev>

 <partintro>

<!-- {{{ zbarcode intro -->
  <section xml:id="zbarcode.intro">
   &reftitle.intro;
   <para>
    ZBarCode class contains all constants provided by this extension.
   </para>
  </section>
<!-- }}} -->

  <section xml:id="zbarcode.synopsis">
   &reftitle.classsynopsis;

<!-- {{{ Synopsis -->
   <classsynopsis>
    <ooclass><classname>ZBarCode</classname></ooclass>

<!-- {{{ Class synopsis -->
    <classsynopsisinfo>
     <ooclass>
      <classname>ZBarCode</classname>
     </ooclass>
    </classsynopsisinfo>
<!-- }}} -->
    <classsynopsisinfo role="comment">Constants</classsynopsisinfo>
    <fieldsynopsis>
     <modifier>const</modifier>
     <type>boolean</type>
     <varname linkend="zbarcode.constants.have-imagick">zbarcode::HAVE_IMAGICK</varname>
     <initializer>false</initializer>
    </fieldsynopsis>
    <fieldsynopsis>
     <modifier>const</modifier>
     <type>boolean</type>
     <varname linkend="zbarcode.constants.have-gd">zbarcode::HAVE_GD</varname>
     <initializer>false</initializer>
    </fieldsynopsis>
    <fieldsynopsis>
     <modifier>const</modifier>
     <type>integer</type>
     <varname linkend="zbarcode.constants.cfg-enable">zbarcode::CFG_ENABLE</varname>
     <initializer>0</initializer>
    </fieldsynopsis>
    <fieldsynopsis>
     <modifier>const</modifier>
     <type>integer</type>
     <varname linkend="zbarcode.constants.cfg-add-check">zbarcode::CFG_ADD_CHECK</varname>
     <initializer>1</initializer>
    </fieldsynopsis>
    <fieldsynopsis>
     <modifier>const</modifier>
     <type>integer</type>
     <varname linkend="zbarcode.constants.cfg-emit-check">zbarcode::CFG_EMIT_CHECK</varname>
     <initializer>2</initializer>
    </fieldsynopsis>
    <fieldsynopsis>
     <modifier>const</modifier>
     <type>integer</type>
     <varname linkend="zbarcode.constants.cfg-ascii">zbarcode::CFG_ASCII</varname>
     <initializer>3</initializer>
    </fieldsynopsis>
    <fieldsynopsis>
     <modifier>const</modifier>
     <type>integer</type>
     <varname linkend="zbarcode.constants.cfg-num">zbarcode::CFG_NUM</varname>
     <initializer>4</initializer>
    </fieldsynopsis>
    <fieldsynopsis>
     <modifier>const</modifier>
     <type>integer</type>
     <varname linkend="zbarcode.constants.cfg-min-len">zbarcode::CFG_MIN_LEN</varname>
     <initializer>32</initializer>
    </fieldsynopsis>
    <fieldsynopsis>
     <modifier>const</modifier>
     <type>integer</type>
     <varname linkend="zbarcode.constants.cfg-max-len">zbarcode::CFG_MAX_LEN</varname>
     <initializer>33</initializer>
    </fieldsynopsis>
    <fieldsynopsis>
     <modifier>const</modifier>
     <type>integer</type>
     <varname linkend="zbarcode.constants.cfg-x-density">zbarcode::CFG_X_DENSITY</varname>
     <initializer>256</initializer>
    </fieldsynopsis>
    <fieldsynopsis>
     <modifier>const</modifier>
     <type>integer</type>
     <varname linkend="zbarcode.constants.cfg-y-density">zbarcode::CFG_Y_DENSITY</varname>
     <initializer>257</initializer>
    </fieldsynopsis>
    <fieldsynopsis>
     <modifier>const</modifier>
     <type>integer</type>
     <varname linkend="zbarcode.constants.sym-all">zbarcode::SYM_ALL</varname>
     <initializer>0</initializer>
    </fieldsynopsis>
    <fieldsynopsis>
     <modifier>const</modifier>
     <type>integer</type>
     <varname linkend="zbarcode.constants.sym-none">zbarcode::SYM_NONE</varname>
     <initializer>0</initializer>
    </fieldsynopsis>
    <fieldsynopsis>
     <modifier>const</modifier>
     <type>integer</type>
     <varname linkend="zbarcode.constants.sym-partial">zbarcode::SYM_PARTIAL</varname>
     <initializer>1</initializer>
    </fieldsynopsis>
    <fieldsynopsis>
     <modifier>const</modifier>
     <type>integer</type>
     <varname linkend="zbarcode.constants.sym-ean8">zbarcode::SYM_EAN8</varname>
     <initializer>8</initializer>
    </fieldsynopsis>
    <fieldsynopsis>
     <modifier>const</modifier>
     <type>integer</type>
     <varname linkend="zbarcode.constants.sym-upce">zbarcode::SYM_UPCE</varname>
     <initializer>9</initializer>
    </fieldsynopsis>
    <fieldsynopsis>
     <modifier>const</modifier>
     <type>integer</type>
     <varname linkend="zbarcode.constants.sym-isbn10">zbarcode::SYM_ISBN10</varname>
     <initializer>10</initializer>
    </fieldsynopsis>
    <fieldsynopsis>
     <modifier>const</modifier>
     <type>integer</type>
     <varname linkend="zbarcode.constants.sym-upca">zbarcode::SYM_UPCA</varname>
     <initializer>12</initializer>
    </fieldsynopsis>
    <fieldsynopsis>
     <modifier>const</modifier>
     <type>integer</type>
     <varname linkend="zbarcode.constants.sym-ean13">zbarcode::SYM_EAN13</varname>
     <initializer>13</initializer>
    </fieldsynopsis>
    <fieldsynopsis>
     <modifier>const</modifier>
     <type>integer</type>
     <varname linkend="zbarcode.constants.sym-isbn13">zbarcode::SYM_ISBN13</varname>
     <initializer>14</initializer>
    </fieldsynopsis>
    <fieldsynopsis>
     <modifier>const</modifier>
     <type>integer</type>
     <varname linkend="zbarcode.constants.sym-i25">zbarcode::SYM_I25</varname>
     <initializer>25</initializer>
    </fieldsynopsis>
    <fieldsynopsis>
     <modifier>const</modifier>
     <type>integer</type>
     <varname linkend="zbarcode.constants.sym-code39">zbarcode::SYM_CODE39</varname>
     <initializer>39</initializer>
    </fieldsynopsis>
    <fieldsynopsis>
     <modifier>const</modifier>
     <type>integer</type>
     <varname linkend="zbarcode.constants.sym-pdf417">zbarcode::SYM_PDF417</varname>
     <initializer>57</initializer>
    </fieldsynopsis>
    <fieldsynopsis>
     <modifier>const</modifier>
     <type>integer</type>
     <varname linkend="zbarcode.constants.sym-code128">zbarcode::SYM_CODE128</varname>
     <initializer>128</initializer>
    </fieldsynopsis>
    <fieldsynopsis>
     <modifier>const</modifier>
     <type>integer</type>
     <varname linkend="zbarcode.constants.sym-symbol">zbarcode::SYM_SYMBOL</varname>
     <initializer>255</initializer>
    </fieldsynopsis>
    <fieldsynopsis>
     <modifier>const</modifier>
     <type>integer</type>
     <varname linkend="zbarcode.constants.sym-addon2">zbarcode::SYM_ADDON2</varname>
     <initializer>512</initializer>
    </fieldsynopsis>
    <fieldsynopsis>
     <modifier>const</modifier>
     <type>integer</type>
     <varname linkend="zbarcode.constants.sym-addon5">zbarcode::SYM_ADDON5</varname>
     <initializer>1280</initializer>
    </fieldsynopsis>
    <fieldsynopsis>
     <modifier>const</modifier>
     <type>integer</type>
     <varname linkend="zbarcode.constants.sym-addon">zbarcode::SYM_ADDON</varname>
     <initializer>1792</initializer>
    </fieldsynopsis>
    <fieldsynopsis>
     <modifier>const</modifier>
     <type>integer</type>
     <varname linkend="zbarcode.constants.opt-resolution">zbarcode::OPT_RESOLUTION</varname>
     <initializer>1</initializer>
    </fieldsynopsis>
    <fieldsynopsis>
     <modifier>const</modifier>
     <type>integer</type>
     <varname linkend="zbarcode.constants.opt-enhance">zbarcode::OPT_ENHANCE</varname>
     <initializer>2</initializer>
    </fieldsynopsis>
    <fieldsynopsis>
     <modifier>const</modifier>
     <type>integer</type>
     <varname linkend="zbarcode.constants.opt-sharpen">zbarcode::OPT_SHARPEN</varname>
     <initializer>4</initializer>
    </fieldsynopsis>
    
    <classsynopsisinfo role="comment">Methods</classsynopsisinfo>
    <xi:include xpointer="xmlns(db=http://docbook.org/ns/docbook) xpointer(id('class.zbarcode')/db:refentry/db:refsect1[@role='description']/descendant::db:methodsynopsis[1])" />
   </classsynopsis>
<!-- }}} -->

  </section>
  
<!-- {{{ zbarcode constants -->
  <section xml:id="zbarcode.constants">
   &reftitle.constants;
   <section xml:id="zbarcode.constants.types">
    <title>zbarcode Node Types</title>
    <variablelist>

     <varlistentry xml:id="zbarcode.constants.have-imagick">
      <term><constant>zbarcode::HAVE_IMAGICK</constant></term>
      <listitem>
       <para>&true; if Imagick support is enabled</para>
      </listitem>
     </varlistentry>

     <varlistentry xml:id="zbarcode.constants.have-gd">
      <term><constant>zbarcode::HAVE_GD</constant></term>
      <listitem>
       <para>&true; if GD support is enabled</para>
      </listitem>
     </varlistentry>

     <varlistentry xml:id="zbarcode.constants.cfg-enable">
      <term><constant>zbarcode::CFG_ENABLE</constant></term>
      <listitem>
       <para>Enable configuration item</para>
      </listitem>
     </varlistentry>

     <varlistentry xml:id="zbarcode.constants.cfg-add-check">
      <term><constant>zbarcode::CFG_ADD_CHECK</constant></term>
      <listitem>
       <para>Enable check digit when optional</para>
      </listitem>
     </varlistentry>

     <varlistentry xml:id="zbarcode.constants.cfg-emit-check">
      <term><constant>zbarcode::CFG_EMIT_CHECK</constant></term>
      <listitem>
       <para>Return check digit when present</para>
      </listitem>
     </varlistentry>

     <varlistentry xml:id="zbarcode.constants.cfg-ascii">
      <term><constant>zbarcode::CFG_ASCII</constant></term>
      <listitem>
       <para>Enable full ASCII character set</para>
      </listitem>
     </varlistentry>

     <varlistentry xml:id="zbarcode.constants.cfg-num">
      <term><constant>zbarcode::CFG_NUM</constant></term>
      <listitem>
       <para>Number of boolean decoder configs</para>
      </listitem>
     </varlistentry>

     <varlistentry xml:id="zbarcode.constants.cfg-min-len">
      <term><constant>zbarcode::CFG_MIN_LEN</constant></term>
      <listitem>
       <para>Minimum data length for valid decode</para>
      </listitem>
     </varlistentry>

     <varlistentry xml:id="zbarcode.constants.cfg-max-len">
      <term><constant>zbarcode::CFG_MAX_LEN</constant></term>
      <listitem>
       <para>Maximum data length for valid decode</para>
      </listitem>
     </varlistentry>

     <varlistentry xml:id="zbarcode.constants.cfg-x-density">
      <term><constant>zbarcode::CFG_X_DENSITY</constant></term>
      <listitem>
       <para>Image scanner vertical scan density</para>
      </listitem>
     </varlistentry>

     <varlistentry xml:id="zbarcode.constants.cfg-y-density">
      <term><constant>zbarcode::CFG_Y_DENSITY</constant></term>
      <listitem>
       <para>Image scanner horizontal scan density</para>
      </listitem>
     </varlistentry>

     <varlistentry xml:id="zbarcode.constants.sym-all">
      <term><constant>zbarcode::SYM_ALL</constant></term>
      <listitem>
       <para>All symbols</para>
      </listitem>
     </varlistentry>

     <varlistentry xml:id="zbarcode.constants.sym-none">
      <term><constant>zbarcode::SYM_NONE</constant></term>
      <listitem>
       <para>No symbol specified. Same as SYM_ALL</para>
      </listitem>
     </varlistentry>

     <varlistentry xml:id="zbarcode.constants.sym-partial">
      <term><constant>zbarcode::SYM_PARTIAL</constant></term>
      <listitem>
       <para>Intermediate status</para>
      </listitem>
     </varlistentry>

     <varlistentry xml:id="zbarcode.constants.sym-ean8">
      <term><constant>zbarcode::SYM_EAN8</constant></term>
      <listitem>
       <para>EAN8 symbol</para>
      </listitem>
     </varlistentry>

     <varlistentry xml:id="zbarcode.constants.sym-upce">
      <term><constant>zbarcode::SYM_UPCE</constant></term>
      <listitem>
       <para>UPCE symbol</para>
      </listitem>
     </varlistentry>

     <varlistentry xml:id="zbarcode.constants.sym-isbn10">
      <term><constant>zbarcode::SYM_ISBN10</constant></term>
      <listitem>
       <para>ISBN10 symbol</para>
      </listitem>
     </varlistentry>

     <varlistentry xml:id="zbarcode.constants.sym-upca">
      <term><constant>zbarcode::SYM_UPCA</constant></term>
      <listitem>
       <para>UPCA symbol</para>
      </listitem>
     </varlistentry>

     <varlistentry xml:id="zbarcode.constants.sym-ean13">
      <term><constant>zbarcode::SYM_EAN13</constant></term>
      <listitem>
       <para>EAN13 symbol</para>
      </listitem>
     </varlistentry>

     <varlistentry xml:id="zbarcode.constants.sym-isbn13">
      <term><constant>zbarcode::SYM_ISBN13</constant></term>
      <listitem>
       <para>ISBN13 symbol</para>
      </listitem>
     </varlistentry>

     <varlistentry xml:id="zbarcode.constants.sym-i25">
      <term><constant>zbarcode::SYM_I25</constant></term>
      <listitem>
       <para>I25 symbol</para>
      </listitem>
     </varlistentry>

     <varlistentry xml:id="zbarcode.constants.sym-code39">
      <term><constant>zbarcode::SYM_CODE39</constant></term>
      <listitem>
       <para>CODE39 symbol</para>
      </listitem>
     </varlistentry>

     <varlistentry xml:id="zbarcode.constants.sym-pdf417">
      <term><constant>zbarcode::SYM_PDF417</constant></term>
      <listitem>
       <para>PDF417 symbol</para>
      </listitem>
     </varlistentry>

     <varlistentry xml:id="zbarcode.constants.sym-code128">
      <term><constant>zbarcode::SYM_CODE128</constant></term>
      <listitem>
       <para>CODE128 symbol</para>
      </listitem>
     </varlistentry>

     <varlistentry xml:id="zbarcode.constants.sym-symbol">
      <term><constant>zbarcode::SYM_SYMBOL</constant></term>
      <listitem>
       <para>Mask for base symbol type</para>
      </listitem>
     </varlistentry>

     <varlistentry xml:id="zbarcode.constants.sym-addon2">
      <term><constant>zbarcode::SYM_ADDON2</constant></term>
      <listitem>
       <para>2-digit add-on flag</para>
      </listitem>
     </varlistentry>

     <varlistentry xml:id="zbarcode.constants.sym-addon5">
      <term><constant>zbarcode::SYM_ADDON5</constant></term>
      <listitem>
       <para>5-digit add-on flag</para>
      </listitem>
     </varlistentry>

     <varlistentry xml:id="zbarcode.constants.sym-addon">
      <term><constant>zbarcode::SYM_ADDON</constant></term>
      <listitem>
       <para>Add-on flag mask</para>
      </listitem>
     </varlistentry>

     <varlistentry xml:id="zbarcode.constants.opt-resolution">
      <term><constant>zbarcode::OPT_RESOLUTION</constant></term>
      <listitem>
       <para>Improve the resolution during reading</para>
      </listitem>
     </varlistentry>

     <varlistentry xml:id="zbarcode.constants.opt-enhance">
      <term><constant>zbarcode::OPT_ENHANCE</constant></term>
      <listitem>
       <para>Reduce image noise</para>
      </listitem>
     </varlistentry>

     <varlistentry xml:id="zbarcode.constants.opt-sharpen">
      <term><constant>zbarcode::OPT_SHARPEN</constant></term>
      <listitem>
       <para>Sharpen the image</para>
      </listitem>
     </varlistentry>

    </variablelist>
   </section>
  </section>
<!-- }}} -->


 </partintro>

 &reference.zbarcode.entities.zbarcode;

</phpdoc:classref>

<!-- Keep this comment at the end of the file
Local variables:
mode: sgml
sgml-omittag:t
sgml-shorttag:t
sgml-minimize-attributes:nil
sgml-always-quote-attributes:t
sgml-indent-step:1
sgml-indent-data:t
indent-tabs-mode:nil
sgml-parent-document:nil
sgml-default-dtd-file:"manual.ced"
sgml-exposed-tags:nil
sgml-local-catalogs:nil
sgml-local-ecat-files:nil
End:
vim600: syn=xml fen fdm=syntax fdl=2 si
vim: et tw=78 syn=sgml
vi: ts=1 sw=1
-->
